{"base_files_url": "https://raw.githubusercontent.com/ajgowans/alt-cores/f8b5908b8868f9aed2897363447b1e586c2bc56f/", "db_id": "ajgowans/alt-cores", "db_url": "https://raw.githubusercontent.com/ajgowans/alt-cores/db/db.json.zip", "files": {"_Other/Genesis_20250720.rbf": {"hash": "b3ee6f08d4dc174e660e4b56b1a20cc3", "size": 3733716, "tags": [4, 20, 22, 23]}, "_Other/N64_80MHz_20250811.rbf": {"hash": "44d9b9eada4a6189abad03e435c7e4af", "size": 3844184, "tags": [20, 22, 24]}, "_Other/PSX2XCPU_20250814.rbf": {"hash": "d1469bd997a3951163dcd0541b0d7ead", "size": 4539568, "tags": [20, 22, 25]}}, "folders": {"_Other": {"tags": [20, 22]}}, "tag_dictionary": {"cores": 22, "genesis": 4, "genesiscore": 23, "megadrive": 4, "n6480mhz": 24, "other": 20, "othercores": 20, "psx2xcpu": 25}, "timestamp": 1755639540}